Product Name,Category,Retail Price,Wholesale Price,Stock
Rose Plant (Red),Flowering Plants,150,110,40
Hibiscus (Double),Flowering Plants,180,130,25
Jasmine (Mallige),Flowering Plants,120,85,35
Bougainvillea,Flowering Plants,220,160,20
Marigold Seedling,Flowering Plants,25,15,200
Areca Palm,Indoor Plants,450,350,15
Money Plant,Indoor Plants,120,80,60
Snake Plant,Indoor Plants,350,260,22
Peace Lily,Indoor Plants,400,300,12
Aglaonema Red,Indoor Plants,550,420,10
Tulsi,Herbs,60,40,80
Curry Leaf Plant,Herbs,90,65,45
Mint (Pudina),Herbs,40,25,70
Mango Sapling (Grafted),Fruit Plants,350,270,18
Guava Sapling,Fruit Plants,280,200,20
Lemon Sapling,Fruit Plants,200,150,30
Coconut Sapling,Fruit Plants,400,320,14
Ficus Bonsai,Bonsai,1200,950,6
Adenium Bonsai,Bonsai,850,650,8
Ceramic Pot 8 inch,Pots and Soil,280,200,40
Plastic Pot 6 inch,Pots and Soil,45,30,150
Organic Compost 5 kg,Pots and Soil,150,110,50
Coco Peat Block,Pots and Soil,90,65,60
